{"cameraMode":{"drawMode":0,"name":"Shaded","section":"Shading Mode"},"sceneLighting":true,"audioPlay":false,"sceneViewState":{"m_AlwaysRefresh":false,"showFog":true,"showSkybox":true,"showFlares":true,"showImageEffects":true,"showParticleSystems":true,"showVisualEffectGraphs":true,"m_FxEnabled":true},"in2DMode":false,"pivot":{"x":2.6943187713623049,"y":2.5422401428222658,"z":-8.715611457824707},"rotation":{"x":0.679638147354126,"y":0.006598216015845537,"z":-0.006114567164331675,"w":0.7334875464439392},"size":42.595855712890628,"orthographic":false}